{
  "mse": 0.847158889024385,
  "r2": 0.2057321904789603
}